{
  "mode": "softmax",
  "pixel_accuracy": 0.7719165682792664,
  "mean_iou": 0.5506092309951782,
  "num_samples": 16
}