{
  "mode": "det",
  "pixel_accuracy": 0.833274245262146,
  "mean_iou": 0.6226956844329834,
  "num_samples": 1
}