{
  "mode": "softmax",
  "inference": null,
  "pixel_accuracy": 0.7636545300483704,
  "mean_iou": 0.5457751154899597,
  "num_samples": 16
}