{
  "mode": "det",
  "inference": null,
  "pixel_accuracy": 0.8336077332496643,
  "mean_iou": 0.6354647874832153,
  "num_samples": 1
}