{
  "mode": "softmax",
  "pixel_accuracy": 0.7718996405601501,
  "mean_iou": 0.5505892038345337,
  "num_samples": 16
}