{
  "mode": "det",
  "inference": null,
  "pixel_accuracy": 0.8336071372032166,
  "mean_iou": 0.6354727745056152,
  "num_samples": 1
}