{
  "mode": "softmax",
  "inference": null,
  "pixel_accuracy": 0.763655424118042,
  "mean_iou": 0.5457853078842163,
  "num_samples": 16
}